business_status,formatted_address,icon,icon_background_color,icon_mask_base_uri,name,photos,place_id,price_level,rating,reference,types,user_ratings_total,geometry.location.lat,geometry.location.lng,geometry.viewport.northeast.lat,geometry.viewport.northeast.lng,geometry.viewport.southwest.lat,geometry.viewport.southwest.lng,opening_hours.open_now,plus_code.compound_code,plus_code.global_code
OPERATIONAL,"200 E 32nd St, New York, NY 10016, United States",https://maps.gstatic.com/mapfiles/place_api/icons/v1/png_71/shopping-71.png,#4B96F3,https://maps.gstatic.com/mapfiles/place_api/icons/v2/shoppingcart_pinlet,Trader Joe's,"[{'height': 3024, 'html_attributions': ['<a href=""https://maps.google.com/maps/contrib/104386132997549304923"">Maarten Schäfer</a>'], 'photo_reference': 'AfLeUgOZZiI83hKKSCscGJXQ0YHmNI-QmAy03IZ6-51LWSQC3nMP7doKNGKAqyTesdv7YnnFOaA_vnsQKKILDq_09uuTYi8mjpqgASNOpEeCz3o4pZeaKcgyUxDUzVJTax7YELQUJnt-fTrPNzuDvmCFcXIQX0PQ2RXOktZKbEfLYErRpjD-', 'width': 4032}]",ChIJH_ZOmghZwokRa20TcxP_Bfs,2,4.5,ChIJH_ZOmghZwokRa20TcxP_Bfs,"['grocery_or_supermarket', 'supermarket', 'health', 'store', 'point_of_interest', 'food', 'establishment']",3806,40.7439882,-73.9790839,40.74542123,-73.97787907,40.74272157,-73.98057873,FALSE,P2VC+H9 New York,87G8P2VC+H9
OPERATIONAL,"675 6th Ave, New York, NY 10010, United States",https://maps.gstatic.com/mapfiles/place_api/icons/v1/png_71/shopping-71.png,#4B96F3,https://maps.gstatic.com/mapfiles/place_api/icons/v2/shoppingcart_pinlet,Trader Joe's,"[{'height': 3456, 'html_attributions': ['<a href=""https://maps.google.com/maps/contrib/107825351408084373517"">James Petts</a>'], 'photo_reference': 'AfLeUgPDbHdsoaMkxq-RJvNUSYXZDaKe8cbeBMZ-Hj0rJjWV3y7U-jpnPsD73jJu2slycxYM6JhAk9SvDqy6xc4fOVfoML6GnfXaEGOmVTKF2HoGTWnPNuW7weKvbEF_zHZDOJ4bRMFhSPFAEJ2oKBDGederC5003hC6R533vLwh_TATzxbM', 'width': 4608}]",ChIJI5xCX6NZwokR3jdSQwsw2DI,2,4.6,ChIJI5xCX6NZwokR3jdSQwsw2DI,"['grocery_or_supermarket', 'supermarket', 'health', 'store', 'point_of_interest', 'food', 'establishment']",6032,40.7420901,-73.9941211,40.74329368,-73.99251087,40.74059402,-73.99521053,FALSE,P2R4+R9 New York,87G8P2R4+R9
OPERATIONAL,"2073 Broadway, New York, NY 10023, United States",https://maps.gstatic.com/mapfiles/place_api/icons/v1/png_71/shopping-71.png,#4B96F3,https://maps.gstatic.com/mapfiles/place_api/icons/v2/shoppingcart_pinlet,Trader Joe's,"[{'height': 3024, 'html_attributions': ['<a href=""https://maps.google.com/maps/contrib/116507382416807671621"">mamrak s</a>'], 'photo_reference': 'AfLeUgMAhJhR1SNgos0YwmM2P-GXl07vsnPHbzC3Ch3vNrvikiUaFr1Y-jNYEgSUviP-2pHIo6SLkyUKefv2lWlTu-Bv4vjYT906QCSd3-K94Xowcop2uYXbdePZ-_OoqD2XDZGPy7SSzEVWEhGVTrbj6EazAXpgAUufB38iRMJq3VxhGlQl', 'width': 4032}]",ChIJ5U8xEopYwokRjV6TuL4I9Ac,2,4.5,ChIJ5U8xEopYwokRjV6TuL4I9Ac,"['grocery_or_supermarket', 'supermarket', 'health', 'store', 'point_of_interest', 'food', 'establishment']",5353,40.7785639,-73.9823142,40.77989668,-73.98086967,40.77719702,-73.98356933,FALSE,Q2H9+C3 New York,87G8Q2H9+C3
OPERATIONAL,"142 E 14th St, New York, NY 10003, United States",https://maps.gstatic.com/mapfiles/place_api/icons/v1/png_71/shopping-71.png,#4B96F3,https://maps.gstatic.com/mapfiles/place_api/icons/v2/shoppingcart_pinlet,Trader Joe's,"[{'height': 3024, 'html_attributions': ['<a href=""https://maps.google.com/maps/contrib/116459289962089758430"">Mod Mod</a>'], 'photo_reference': 'AfLeUgP2IsIgVNRs_2vkbS-gVVd12z_yFUAOdSNtXxuCTpSAFJn3eIu1OGvaA07aS56Dwt90E8e4IJZPTOB7mnALytKJZeFAqLf8_akoDjuFrOXGmeMEjNxLjJjoyX5ZT2VnNQLJSuq1Otx0nlp1BcDnWLDdTcMk3orC6zn8-ftGjtC9Ku8', 'width': 4032}]",ChIJa5oiKJ9ZwokR4EX7HlQSstY,2,4.4,ChIJa5oiKJ9ZwokR4EX7HlQSstY,"['grocery_or_supermarket', 'supermarket', 'health', 'store', 'point_of_interest', 'food', 'establishment']",4545,40.7333532,-73.9878949,40.73482333,-73.98653202,40.73212367,-73.98923168,FALSE,P2M6+8R New York,87G8P2M6+8R
OPERATIONAL,"405 E 59th St, New York, NY 10022, United States",https://maps.gstatic.com/mapfiles/place_api/icons/v1/png_71/shopping-71.png,#4B96F3,https://maps.gstatic.com/mapfiles/place_api/icons/v2/shoppingcart_pinlet,Trader Joe's,"[{'height': 3024, 'html_attributions': ['<a href=""https://maps.google.com/maps/contrib/109657730035472509998"">A Google User</a>'], 'photo_reference': 'AfLeUgOaV6vNwBnwLsTniJ6OjCa0Q1OQbe-9CbqS3AWfbzLjouHTKgX4nCLPO59WgsHDsUXY6Gjt4TWEXRfovS1k1QnC6kQ1GmXvBgp9M3POBpySedPDlBTj_Hew_lJb2hp1_P0bXys1jNS1mLmuDgbqWGRDMM1Gkl4Z7LZYbYoom3BI672Q', 'width': 4032}]",ChIJVaVhLKxZwokRS0yT-WWNnuA,,4.7,ChIJVaVhLKxZwokRS0yT-WWNnuA,"['grocery_or_supermarket', 'supermarket', 'health', 'store', 'point_of_interest', 'food', 'establishment']",749,40.7597032,-73.9615347,40.76094923,-73.96024947,40.75824957,-73.96294913,FALSE,Q25Q+V9 New York,87G8Q25Q+V9
OPERATIONAL,"233 Spring St, New York, NY 10013, United States",https://maps.gstatic.com/mapfiles/place_api/icons/v1/png_71/shopping-71.png,#4B96F3,https://maps.gstatic.com/mapfiles/place_api/icons/v2/shoppingcart_pinlet,Trader Joe's,"[{'height': 3024, 'html_attributions': ['<a href=""https://maps.google.com/maps/contrib/113601290550508633476"">Cam V</a>'], 'photo_reference': 'AfLeUgPB7YRGvfNZ55DmwSGF3NAwPYKzeYeT5Qrl4hRvOk2QF8I5_hTyQSiXoB4E4oVTQpJVVRJTUioh29ek2Qiu-fkgH-CZBIJI6Wes9YI1iUFF0vWoKJ8aLNacbkLCXHN-ICWwufzX_B7E6u5bG2VcJueYQ1Ohj-sfMsiWaK9x71qUXX1s', 'width': 4032}]",ChIJZd0F3oxZwokRiaEouMZKQ-0,2,4.7,ChIJZd0F3oxZwokRiaEouMZKQ-0,"['grocery_or_supermarket', 'supermarket', 'health', 'store', 'point_of_interest', 'food', 'establishment']",1648,40.7257485,-74.0048949,40.72700768,-74.00342437,40.72430802,-74.00612403,FALSE,PXGW+72 New York,87G7PXGW+72
OPERATIONAL,"400 Grand St. (Cellar, New York, NY 10002, United States",https://maps.gstatic.com/mapfiles/place_api/icons/v1/png_71/shopping-71.png,#4B96F3,https://maps.gstatic.com/mapfiles/place_api/icons/v2/shoppingcart_pinlet,Trader Joe's,"[{'height': 3024, 'html_attributions': ['<a href=""https://maps.google.com/maps/contrib/118352747832290984851"">Adrianne Galvez</a>'], 'photo_reference': 'AfLeUgNO64coOcavVwvFHG0obzcaEQHbrBmcghKlLIZ3G89tLp2-prSKTbh_cADm4DrRynVYR4R43TE0FSdJs76tMqW5Pfnoj0im8KMCdVhC5J2wrX9dABjZtNLigjLMrKxsbiTduTjGGfFTCVzNXM_5pkoOri9RvG6FPie6uhue9Vbl0vkz', 'width': 4032}]",ChIJ9WABQ8hZwokR59mUJakO9IA,2,4.6,ChIJ9WABQ8hZwokR59mUJakO9IA,"['grocery_or_supermarket', 'supermarket', 'health', 'store', 'point_of_interest', 'food', 'establishment']",1972,40.7164903,-73.9867718,40.71760333,-73.98542932,40.71490367,-73.98812898,FALSE,P287+H7 New York,87G8P287+H7
OPERATIONAL,"436 E 14th St, New York, NY 10009, United States",https://maps.gstatic.com/mapfiles/place_api/icons/v1/png_71/shopping-71.png,#4B96F3,https://maps.gstatic.com/mapfiles/place_api/icons/v2/shoppingcart_pinlet,Trader Joe's,"[{'height': 3024, 'html_attributions': ['<a href=""https://maps.google.com/maps/contrib/117808460219123378764"">Ruwan J.</a>'], 'photo_reference': 'AfLeUgMGspAZdmna9PUiP253QAId40_i2sPYvMMZsxbe3i0_v_kQT3XNldKicBBP7n3KxhaObuwm0nGtyu0oaIER8PYOj4RMS3scqzCz8O3LlzIh5bdg3Hc-gJywtcWW7LidkiaDH_PX0DihuVkOAaagUPsXCNxm7WoIE954poRJIEml63ku', 'width': 4032}]",ChIJIVZfRRpZwokR1GJQ1hL-mQQ,,4.6,ChIJIVZfRRpZwokR1GJQ1hL-mQQ,"['grocery_or_supermarket', 'supermarket', 'health', 'store', 'point_of_interest', 'food', 'establishment']",941,40.7305189,-73.9809922,40.73190618,-73.97963707,40.72920652,-73.98233673,FALSE,P2J9+5J New York,87G8P2J9+5J
OPERATIONAL,"670 Columbus Ave, New York, NY 10025, United States",https://maps.gstatic.com/mapfiles/place_api/icons/v1/png_71/shopping-71.png,#4B96F3,https://maps.gstatic.com/mapfiles/place_api/icons/v2/shoppingcart_pinlet,Trader Joe's,"[{'height': 3024, 'html_attributions': ['<a href=""https://maps.google.com/maps/contrib/115339415768382847625"">Chris Jake</a>'], 'photo_reference': 'AfLeUgNSyrZvVyCQCbxzrG9KqJDroIrEV9qi0YK_G0TC-e6mbThqDaD36Ep8qGZeDz_9rwOZiQN_63emLvR0oxI1GGHbwoi_QHixtAeu8NsD9DqhokBSMjequBsuDMnP-tMFO2oq979BL_hPNfN6B8KjIJgKnApGcIzDAeu05GeqH7sJAI0n', 'width': 4032}]",ChIJ1_bNGJ1YwokR9OFA1FuxTJQ,2,4.6,ChIJ1_bNGJ1YwokR9OFA1FuxTJQ,"['grocery_or_supermarket', 'supermarket', 'health', 'store', 'point_of_interest', 'food', 'establishment']",2444,40.7907104,-73.9695098,40.79200058,-73.96799882,40.78930092,-73.97069848,FALSE,Q2RJ+75 New York,87G8Q2RJ+75
OPERATIONAL,"22-43 Jackson Ave, Queens, NY 11101, United States",https://maps.gstatic.com/mapfiles/place_api/icons/v1/png_71/shopping-71.png,#4B96F3,https://maps.gstatic.com/mapfiles/place_api/icons/v2/shoppingcart_pinlet,Trader Joe's,"[{'height': 3024, 'html_attributions': ['<a href=""https://maps.google.com/maps/contrib/113020832504068736638"">A Google User</a>'], 'photo_reference': 'AfLeUgPNp4Fg3I9zj0RZ1AC-D1QjzoJVI6jWJjj-YB_2GqjzNLtEBQoHR2mCItP1O2Hml525BN_aNOD3ud_ZvEQOYweWqun1XzSDEO4_GdF3ltDTISRA9KvZa9Pm3aODzogQUR53kCnNWzkXOPT_o_9WA3N5GOkyyaFKgCgk612GovAG28pE', 'width': 4032}]",ChIJieKUCG5ZwokRcFYGfu1T0Sc,,4.6,ChIJieKUCG5ZwokRcFYGfu1T0Sc,"['grocery_or_supermarket', 'supermarket', 'health', 'store', 'point_of_interest', 'food', 'establishment']",930,40.7458383,-73.9461982,40.74711848,-73.94479767,40.74441882,-73.94749733,FALSE,P3W3+8G New York,87G8P3W3+8G
OPERATIONAL,"445 Gold St, Brooklyn, NY 11201, United States",https://maps.gstatic.com/mapfiles/place_api/icons/v1/png_71/shopping-71.png,#4B96F3,https://maps.gstatic.com/mapfiles/place_api/icons/v2/shoppingcart_pinlet,Trader Joe's,"[{'height': 3024, 'html_attributions': ['<a href=""https://maps.google.com/maps/contrib/115924793540509610412"">Michelle S</a>'], 'photo_reference': 'AfLeUgNnnWXT8OLvc39Tjrrzd3csGavQaP5Ggg-iZ7FZ2k6OFKZho_b4Ay57AxC9dak8hrf31550HZ9ex3KA5EerRDtLCWtayy0SHRdyAByrsOt2Bi4hSkZsBDvyBAEzL8-rhmOd2A7dD_C7Hk5jKlj3BR54iWZrejFfDboEg7GJuiSQvql9', 'width': 4032}]",ChIJP2ZvVUtawokR6e567fAOx4M,2,4.6,ChIJP2ZvVUtawokR6e567fAOx4M,"['grocery_or_supermarket', 'store', 'point_of_interest', 'food', 'establishment']",3878,40.6912253,-73.9827655,40.69270198,-73.98153547,40.69000232,-73.98423513,FALSE,M2R8+FV New York,87G8M2R8+FV
OPERATIONAL,"130 Court St, Brooklyn, NY 11201, United States",https://maps.gstatic.com/mapfiles/place_api/icons/v1/png_71/shopping-71.png,#4B96F3,https://maps.gstatic.com/mapfiles/place_api/icons/v2/shoppingcart_pinlet,Trader Joe's,"[{'height': 3036, 'html_attributions': ['<a href=""https://maps.google.com/maps/contrib/100336093535407728732"">Kim T</a>'], 'photo_reference': 'AfLeUgNP_ZFEXICWyUkuBUSCC42PMa3y8NvGWikaNiS0RTKaJQnDskrLIfigTWuPZUoaNdijMZYX89C4-AdWJpaL9tUk0gRluKy-2Wx85W8OMOLDavr28h6yibh5iR52ZPoKvXmMCf8NR5VI9hcV8JCBrtp3nPqIyZv1fp2CIZynh4qF7ePW', 'width': 4048}]",ChIJhS5Yr09awokR44Umk8YfdIY,2,4.5,ChIJhS5Yr09awokR44Umk8YfdIY,"['grocery_or_supermarket', 'supermarket', 'health', 'store', 'point_of_interest', 'food', 'establishment']",5321,40.6895837,-73.9928699,40.69088713,-73.99131192,40.68818747,-73.99401158,FALSE,M2Q4+RV New York,87G8M2Q4+RV
OPERATIONAL,"200 Kent Ave, Brooklyn, NY 11249, United States",https://maps.gstatic.com/mapfiles/place_api/icons/v1/png_71/shopping-71.png,#4B96F3,https://maps.gstatic.com/mapfiles/place_api/icons/v2/shoppingcart_pinlet,Trader Joe's,"[{'height': 3024, 'html_attributions': ['<a href=""https://maps.google.com/maps/contrib/115536830579456360218"">Anthony Macapugay</a>'], 'photo_reference': 'AfLeUgM4B5JvxckD_nrYsSqpgo-teTeUL9BudanzokCyeCF0SQRaerFNGFIP1EpIAK-1bmZ-8xoZi0M66blPLhD80PsO4kYIfe7tDQhdhBovjlii33MDjBKr59lHAzgVM-wUfZi8sXop0wnPOCTwhnoqklXjA7w_GM8z28SmMiap4FlrXXea', 'width': 4032}]",ChIJyWDn6ndZwokR234SqsAnT_s,,4.7,ChIJyWDn6ndZwokR234SqsAnT_s,"['grocery_or_supermarket', 'supermarket', 'health', 'store', 'point_of_interest', 'food', 'establishment']",484,40.7180932,-73.9643128,40.71940533,-73.96290117,40.71670567,-73.96560083,FALSE,P29P+67 New York,87G8P29P+67
OPERATIONAL,"1350 Willow Ave, Hoboken, NJ 07030, United States",https://maps.gstatic.com/mapfiles/place_api/icons/v1/png_71/shopping-71.png,#4B96F3,https://maps.gstatic.com/mapfiles/place_api/icons/v2/shoppingcart_pinlet,Trader Joe's,"[{'height': 1536, 'html_attributions': ['<a href=""https://maps.google.com/maps/contrib/117006630187696330124"">Ann Andrews</a>'], 'photo_reference': 'AfLeUgPQ8hI7Qr6UsjbppIZS8Ud5jnZYqCjxmg5NysP_LQMRZnpU57D6QGk86Gi2GEPBJB11v7F4Ca6l4ScMq9oup2JibadTh4mlInGJzF-SE6f9HcOpazAbCkumuJ9j129fD1uHo73AbLgtDmUwkQA6ZTqJPTJdil2UZ2PlUoUpK3NF1vHB', 'width': 2048}]",ChIJp1Mu19dZwokRe8ZJZAMVHMQ,2,4.6,ChIJp1Mu19dZwokRe8ZJZAMVHMQ,"['grocery_or_supermarket', 'supermarket', 'health', 'store', 'point_of_interest', 'food', 'establishment']",2583,40.7536747,-74.0299492,40.75490593,-74.02846757,40.75220627,-74.03116723,FALSE,"QX3C+F2 Hoboken, New Jersey",87G7QX3C+F2
OPERATIONAL,"715 River Rd, Edgewater, NJ 07020, United States",https://maps.gstatic.com/mapfiles/place_api/icons/v1/png_71/shopping-71.png,#4B96F3,https://maps.gstatic.com/mapfiles/place_api/icons/v2/shoppingcart_pinlet,Trader Joe's,"[{'height': 1080, 'html_attributions': ['<a href=""https://maps.google.com/maps/contrib/115804949115450922900"">Klay Moon</a>'], 'photo_reference': 'AfLeUgNGKvSpUlTy028GOoLdj8OPvJk99JAqJce2VLR54_SppOo4Ds3LEQ9-8UgTRv1IQV9E_D6yP1kjfu29ndWpmrAiQoJFnCDDCiuyOpJdp6OqhX_p5EpnVn7Mlpi50DSzKf08OcZo5noVw6hW4rC5RkUTogBx3OPG8jKF51uSXX78zs-Q', 'width': 1920}]",ChIJTfsPHEz2wokR1Z1KV8S3nZ4,2,4.6,ChIJTfsPHEz2wokR1Z1KV8S3nZ4,"['grocery_or_supermarket', 'supermarket', 'health', 'store', 'point_of_interest', 'food', 'establishment']",2975,40.8196686,-73.9775851,40.82083903,-73.97623362,40.81813937,-73.97893328,FALSE,"R29C+VX Edgewater, New Jersey",87G8R29C+VX
OPERATIONAL,"9030 Metropolitan Ave, Queens, NY 11374, United States",https://maps.gstatic.com/mapfiles/place_api/icons/v1/png_71/shopping-71.png,#4B96F3,https://maps.gstatic.com/mapfiles/place_api/icons/v2/shoppingcart_pinlet,Trader Joe's,"[{'height': 1080, 'html_attributions': ['<a href=""https://maps.google.com/maps/contrib/117561919292626814313"">Jacky</a>'], 'photo_reference': 'AfLeUgMm6vtOVhq9YO97c96_jl1uCIv3nCRN4OBqVEStwVU_zCbk_AKianGRsfMc7hrS8-GDKWHCmY442pvGEdipUeYYmb6nyQ2ePCDGPvcvUqPz13pGxFAbTTX_w628X7bY8cl9qyL6ur_WcN2q0VPd1s0LltoTVizRqiOuudhVoZT-k0rc', 'width': 1920}]",ChIJ4YO7bBFewokRRp5wtOWm_EU,2,4.4,ChIJ4YO7bBFewokRRp5wtOWm_EU,"['grocery_or_supermarket', 'supermarket', 'health', 'store', 'point_of_interest', 'food', 'establishment']",5290,40.7108566,-73.8583482,40.71244053,-73.85689957,40.70974087,-73.85959923,FALSE,P46R+8M New York,87G8P46R+8M
OPERATIONAL,"450 W 33rd St, New York, NY 10001, United States",https://maps.gstatic.com/mapfiles/place_api/icons/v1/png_71/shopping-71.png,#4B96F3,https://maps.gstatic.com/mapfiles/place_api/icons/v2/shoppingcart_pinlet,Whole Foods Market,"[{'height': 3024, 'html_attributions': ['<a href=""https://maps.google.com/maps/contrib/108056271473607973091"">Mark</a>'], 'photo_reference': 'AfLeUgNFqkDxoQQpIltHRoNC6jY74shDFRAF1SkaC8SvtQbTYRnV5O2ZIAvsXifd_0Xz_z9f7RNpDBGG3GQL0fGsrW7oJkOi6Pif2348vYdM0XKbLgFTnLu4LhLQ9VFb6Y4dkzn-7At86lvTkZxeFW4W31a7FaSXS1F2SiDM1sarb1w2-0NQ', 'width': 4032}]",ChIJI2yhZBxZwokRaLg_A-8sqDA,,4.5,ChIJI2yhZBxZwokRaLg_A-8sqDA,"['grocery_or_supermarket', 'supermarket', 'liquor_store', 'food', 'store', 'health', 'point_of_interest', 'establishment']",591,40.7528918,-73.9997371,40.75431693,-73.99865987,40.75161727,-74.00135953,TRUE,Q232+54 New York,87G8Q232+54
OPERATIONAL,"10 Columbus Cir Ste Sc101, New York, NY 10019, United States",https://maps.gstatic.com/mapfiles/place_api/icons/v1/png_71/shopping-71.png,#4B96F3,https://maps.gstatic.com/mapfiles/place_api/icons/v2/shoppingcart_pinlet,Whole Foods Market,"[{'height': 4032, 'html_attributions': ['<a href=""https://maps.google.com/maps/contrib/109221979774437130279"">MOT Mark</a>'], 'photo_reference': 'AfLeUgMeOLrKiaLYa4cv0Z8ecbRL9bxjDzDXE56EKEVMpyX97a0D7uAKzAM0ZxVuys5EyfdivPo9KFaoqcAnnI9caqYkgf7tPS6rXKaZTJpepuoU9uqBvriPwbXYUAKk2CzGfXxHYmpwQnYx5zNn1wBprhefDtfdcSPEqnFREd2ZHWIlaE1y', 'width': 3024}]",ChIJvaMqIvZYwokR9tb1ok27g8U,3,4.3,ChIJvaMqIvZYwokR9tb1ok27g8U,"['grocery_or_supermarket', 'supermarket', 'liquor_store', 'food', 'store', 'health', 'point_of_interest', 'establishment']",3363,40.7685526,-73.9831866,40.7697777,-73.9814447,40.7670033,-73.9844279,TRUE,Q298+CP New York,87G8Q298+CP
OPERATIONAL,"1095 6th Ave, New York, NY 10036, United States",https://maps.gstatic.com/mapfiles/place_api/icons/v1/png_71/shopping-71.png,#4B96F3,https://maps.gstatic.com/mapfiles/place_api/icons/v2/shoppingcart_pinlet,Whole Foods Market,"[{'height': 3000, 'html_attributions': ['<a href=""https://maps.google.com/maps/contrib/111444671146808251214"">Eric Finkelstein</a>'], 'photo_reference': 'AfLeUgPxrRHqJI5kvls11On2WS-htL7HLLMhEL44ocegpSA7Sx1hcxQYjP1MlGR-c7Kd6KfqKUKweevvAVb0FRhUIsFJ7viQnIdlnbH9LPsvTOMc0BRIwOE0oVTqjg2w70gcMA8q0K7AHpzOg49QQBkHRUIGND7l9TwQFQpq12OzRYTF3m13', 'width': 4000}]",ChIJC2AqwapZwokR2O17hSVPjrE,3,4.4,ChIJC2AqwapZwokR2O17hSVPjrE,"['grocery_or_supermarket', 'supermarket', 'liquor_store', 'food', 'store', 'health', 'point_of_interest', 'establishment']",6065,40.7545529,-73.984657,40.75581723,-73.98316642,40.75311757,-73.98586608,TRUE,Q238+R4 New York,87G8Q238+R4
OPERATIONAL,"226 E 57th St, New York, NY 10022, United States",https://maps.gstatic.com/mapfiles/place_api/icons/v1/png_71/shopping-71.png,#4B96F3,https://maps.gstatic.com/mapfiles/place_api/icons/v2/shoppingcart_pinlet,Whole Foods Market,"[{'height': 3024, 'html_attributions': ['<a href=""https://maps.google.com/maps/contrib/108037419906971159832"">Augusto Ensiki</a>'], 'photo_reference': 'AfLeUgNJcpBEN1ih7eTJDbuDYg2EdZqaxp7mfXk6E5A8wM_dJO2Hl1WQhYkuSOHJTovxireLuuTx_P0vS0NoYPb2qaXIZsB9GGs0UHea4T74COkc4ujkVhYgIHLBzNAiZu01iMLPSRXEaCWFo2mAVPwD3V2TnK8Pguot0Y4yvdNlAy9LulQV', 'width': 4032}]",ChIJvYILMORYwokRywGbSMh9b_c,3,4.2,ChIJvYILMORYwokRywGbSMh9b_c,"['grocery_or_supermarket', 'supermarket', 'liquor_store', 'food', 'store', 'health', 'point_of_interest', 'establishment']",2249,40.7593039,-73.9663868,40.76086543,-73.96479532,40.75816577,-73.96749498,TRUE,Q25M+PC New York,87G8Q25M+PC
OPERATIONAL,"250 7th Ave, New York, NY 10001, United States",https://maps.gstatic.com/mapfiles/place_api/icons/v1/png_71/shopping-71.png,#4B96F3,https://maps.gstatic.com/mapfiles/place_api/icons/v2/shoppingcart_pinlet,Whole Foods Market .,"[{'height': 1080, 'html_attributions': ['<a href=""https://maps.google.com/maps/contrib/111709773201343200215"">Hostel Traveler</a>'], 'photo_reference': 'AfLeUgOLjy3DvEyyJddmmIeqLQTj68qM5LARIDEILJn-2ghIEfn0PXqhexbmWsMMaNvt_GshaqCDp1dI51_7-VtELXyQHzw0YE3Mrsm1_IyHGF_SEGc8leSaNdG-RKXeZoOfHrXjQ-n9SaabKkYKeN79cQuCqcmJ4cnaCzDtiP62Qghx3NO_', 'width': 1920}]",ChIJu9jzyANbwokRIb60wMQSvqQ,2,4.2,ChIJu9jzyANbwokRIb60wMQSvqQ,"['grocery_or_supermarket', 'supermarket', 'liquor_store', 'food', 'store', 'health', 'point_of_interest', 'establishment']",2591,40.7449592,-73.9952913,40.74644653,-73.99391562,40.74374687,-73.99661528,TRUE,P2V3+XV New York,87G8P2V3+XV
OPERATIONAL,"4 Union Square South, NY 10003, United States",https://maps.gstatic.com/mapfiles/place_api/icons/v1/png_71/shopping-71.png,#4B96F3,https://maps.gstatic.com/mapfiles/place_api/icons/v2/shoppingcart_pinlet,Whole Foods Market,"[{'height': 2048, 'html_attributions': ['<a href=""https://maps.google.com/maps/contrib/107821815236197059478"">sinan erel</a>'], 'photo_reference': 'AfLeUgNJlaoBH6u7cpEJuPfZMTWHfnuPnqQnhfzYFrtW8ImorTjuXAbbzXgM-uwOVjQfpknk--n9Hv01xFINovI270zpnSXqZbY8vOS-YIkVDpKjHhS00AdYhHSDvjf6Al4c8EB7q5iIkouX0WS_e6pM4uFVGJgkD1jN-zEo9beswDtiCzxm', 'width': 1536}]",ChIJlZFg95hZwokRzTo2UWdo0Lg,3,4.2,ChIJlZFg95hZwokRzTo2UWdo0Lg,"['grocery_or_supermarket', 'supermarket', 'liquor_store', 'food', 'store', 'health', 'point_of_interest', 'establishment']",4293,40.7348264,-73.9912049,40.73623578,-73.98978337,40.73353612,-73.99248303,TRUE,P2M5+WG New York,87G8P2M5+WG
OPERATIONAL,"63 Madison Ave, New York, NY 10016, United States",https://maps.gstatic.com/mapfiles/place_api/icons/v1/png_71/shopping-71.png,#4B96F3,https://maps.gstatic.com/mapfiles/place_api/icons/v2/shoppingcart_pinlet,Whole Foods Market,"[{'height': 3024, 'html_attributions': ['<a href=""https://maps.google.com/maps/contrib/106634007242480479104"">Edward Halim</a>'], 'photo_reference': 'AfLeUgNQYPVXiCOPdQpiiQyrLH3ffKmYBcPGJlfWJe69Z2NeGmgmLysW7MfSuHyDAQlPHPYuGPa-pHPjEWQVnyxxNSj8Rt1B0CJJMsecKeqDl-PQJ5fieyQkZ63096w7UpF2P6998nIb8jAY7nZoYnEr4uUbcj-IIeuXxKPMQqyDJJ2wxVHU', 'width': 4032}]",ChIJkTgowqdZwokR9eCCOtg2iB0,,4.5,ChIJkTgowqdZwokR9eCCOtg2iB0,"['grocery_or_supermarket', 'supermarket', 'liquor_store', 'food', 'store', 'health', 'point_of_interest', 'establishment']",275,40.7434963,-73.9855379,40.74493238,-73.98439142,40.74223272,-73.98709108,TRUE,P2V7+9Q New York,87G8P2V7+9Q
OPERATIONAL,"95 E Houston St, New York, NY 10002, United States",https://maps.gstatic.com/mapfiles/place_api/icons/v1/png_71/shopping-71.png,#4B96F3,https://maps.gstatic.com/mapfiles/place_api/icons/v2/shoppingcart_pinlet,Whole Foods Market,"[{'height': 2448, 'html_attributions': ['<a href=""https://maps.google.com/maps/contrib/116328682135597130625"">A Google User</a>'], 'photo_reference': 'AfLeUgMca1VYoHhFMFt19x4Ru3OqADrBPyn1yAZpqqESnLcGdP7kuPA4fgXC3-VDvbqFB1fCejmVUKAM6ZkQT5McUt5ll0gdL5avpWk_H1m9EI70zeqyEcbFEiCRjZUiq3KSyR7fJcCxff5sZWhI0OYp2LEOHetQL9i9dZkXuc4YrcmNKzT2', 'width': 3264}]",ChIJQ5yUr4VZwokRbMN-yaOarmc,1,4.2,ChIJQ5yUr4VZwokRbMN-yaOarmc,"['grocery_or_supermarket', 'supermarket', 'liquor_store', 'food', 'store', 'health', 'point_of_interest', 'establishment']",2691,40.7238246,-73.9923102,40.72524373,-73.99092052,40.72254407,-73.99362018,TRUE,P2F5+G3 New York,87G8P2F5+G3
OPERATIONAL,"270 Greenwich St, New York, NY 10007, United States",https://maps.gstatic.com/mapfiles/place_api/icons/v1/png_71/shopping-71.png,#4B96F3,https://maps.gstatic.com/mapfiles/place_api/icons/v2/shoppingcart_pinlet,Whole Foods Market,"[{'height': 3024, 'html_attributions': ['<a href=""https://maps.google.com/maps/contrib/111519969255716289994"">Jennifer Mazur</a>'], 'photo_reference': 'AfLeUgPnaxAUtTFwnEh2aSHnNWzSz3GzSVSGQLghFyPv34bS13aKlPJayatkOolS4TefJ34Qg3EoFLA5ImI3MK9Zk5VZOT931M-N4ADGxkxsnrTZJ9hiZuDnIs3_2K612_sVMq_Uh-clGv0vMogdeeMzfjZCQxKoeE3VViH12y6t8CvnGjNp', 'width': 4032}]",ChIJl4BZ5opZwokRUR0n7MrTIEA,3,4.4,ChIJl4BZ5opZwokRUR0n7MrTIEA,"['grocery_or_supermarket', 'supermarket', 'liquor_store', 'food', 'store', 'health', 'point_of_interest', 'establishment']",3368,40.7155341,-74.0120518,40.71711948,-74.0102153,40.71441982,-74.0139521,TRUE,PX8Q+65 New York,87G7PX8Q+65
OPERATIONAL,"1551 3rd Ave, New York, NY 10128, United States",https://maps.gstatic.com/mapfiles/place_api/icons/v1/png_71/shopping-71.png,#4B96F3,https://maps.gstatic.com/mapfiles/place_api/icons/v2/shoppingcart_pinlet,Whole Foods Market,"[{'height': 2340, 'html_attributions': ['<a href=""https://maps.google.com/maps/contrib/103330562754126899064"">LateDecember1</a>'], 'photo_reference': 'AfLeUgPbKfZ5yhfPAQ1v9-YS0dJuTK0Yb6Z_MVue43DW-jyh0Vkf2ss3YsVZzwJvqMHsJhVVL0Q62Atjv4Mr2y5hD2AgPTvHo3SiU36KmqsHkhVVmHzQgzaEU7JaPE9tRfmHIgTRMaS9K3LLSUfBtLt6itW_OIl2Ie97aYyQKYeOqD4WzIJy', 'width': 4160}]",ChIJ155rWbtYwokRLX7PL1o55Vs,3,4,ChIJ155rWbtYwokRLX7PL1o55Vs,"['grocery_or_supermarket', 'supermarket', 'liquor_store', 'food', 'store', 'health', 'point_of_interest', 'establishment']",2227,40.7796707,-73.9529499,40.78116133,-73.95183192,40.77846167,-73.95453158,TRUE,Q2HW+VR New York,87G8Q2HW+VR
OPERATIONAL,"100 W 125th St, New York, NY 10027, United States",https://maps.gstatic.com/mapfiles/place_api/icons/v1/png_71/shopping-71.png,#4B96F3,https://maps.gstatic.com/mapfiles/place_api/icons/v2/shoppingcart_pinlet,Whole Foods Market,"[{'height': 3024, 'html_attributions': ['<a href=""https://maps.google.com/maps/contrib/111284285883370493429"">Jocelyn Pena</a>'], 'photo_reference': 'AfLeUgMIWevMCojy176aYEqbXbK3vxnZWDBvo3yWbKywemh3J3LjkbzC6br0SNBQagx1j0w2Gy6hkPfGQ28JluMgloC4HqF_5uXf0yRC5Ax9E4FEKuO5pQ1SeSdoo6MqraECJFWizeW2SKP8_mVTw7TWltcQVeBpE8OJNEstPAWV64LwWeVO', 'width': 4032}]",ChIJiVmnFQ32wokReCy0KguVOpw,3,4.2,ChIJiVmnFQ32wokReCy0KguVOpw,"['grocery_or_supermarket', 'supermarket', 'liquor_store', 'food', 'store', 'health', 'point_of_interest', 'establishment']",3501,40.8076461,-73.9461771,40.80903873,-73.94457812,40.80633907,-73.94727778,FALSE,R353+3G New York,87G8R353+3G
OPERATIONAL,"808 Columbus Ave, New York, NY 10025, United States",https://maps.gstatic.com/mapfiles/place_api/icons/v1/png_71/shopping-71.png,#4B96F3,https://maps.gstatic.com/mapfiles/place_api/icons/v2/shoppingcart_pinlet,Whole Foods Market,"[{'height': 4032, 'html_attributions': ['<a href=""https://maps.google.com/maps/contrib/109896805750470100724"">Maria Eugenia</a>'], 'photo_reference': 'AfLeUgMWOmS2_JZF6SdcGYH_VKTgF8-cG0I2SbvSbiTjbzd32ii3j4LIcY5S9ycuGaOFF7JfzAgBNHd2B34-0Ogegk576nuJKM8uOfG4oVxV_oHZQN6gGZcomv3tV2IUPz-woVgGrYbl9Yx6033FUMd0CQ9SZNlJFfoHI_qXXTAKZmBSiqS1', 'width': 3024}]",ChIJ-6ZxFif2wokRaRaETTJc_9Q,2,4.2,ChIJ-6ZxFif2wokRaRaETTJc_9Q,"['grocery_or_supermarket', 'supermarket', 'liquor_store', 'food', 'store', 'health', 'point_of_interest', 'establishment']",2332,40.7939667,-73.9671163,40.79526908,-73.96561142,40.79256942,-73.96831108,TRUE,Q2VM+H5 New York,87G8Q2VM+H5
OPERATIONAL,"66 Broadway, New York, NY 10005, United States",https://maps.gstatic.com/mapfiles/place_api/icons/v1/png_71/shopping-71.png,#4B96F3,https://maps.gstatic.com/mapfiles/place_api/icons/v2/shoppingcart_pinlet,Whole Foods Market,"[{'height': 4080, 'html_attributions': ['<a href=""https://maps.google.com/maps/contrib/104318656290350571346"">Darlene jackson</a>'], 'photo_reference': 'AfLeUgPfVmTBx1tFLeq4Rjo-mPGeGgcWVczcvb_j8AifKLTC1mTcbWaRtB4ZCC3LxrJYk1SeuuKowuN3t2H40wrzJq8rShHo-uxvycFLNFLwq1CYkv64dWLlL269P8Ruqcy-JD9FDZ-Gbis1jEcav6_Ww-A0VQd_Eb2GUHl19CAZbGAiJtfW', 'width': 3060}]",ChIJ5-eXOKFbwokRYuHJ_OBoMbw,,4.6,ChIJ5-eXOKFbwokRYuHJ_OBoMbw,"['grocery_or_supermarket', 'food', 'store', 'point_of_interest', 'establishment']",68,40.7071266,-74.0119587,40.70851438,-74.01068947,40.70581472,-74.01338913,TRUE,PX4Q+R6 New York,87G7PX4Q+R6
OPERATIONAL,"214 3rd St., Brooklyn, NY 11215, United States",https://maps.gstatic.com/mapfiles/place_api/icons/v1/png_71/shopping-71.png,#4B96F3,https://maps.gstatic.com/mapfiles/place_api/icons/v2/shoppingcart_pinlet,Whole Foods Market,"[{'height': 1836, 'html_attributions': ['<a href=""https://maps.google.com/maps/contrib/105289502610381455194"">George Li</a>'], 'photo_reference': 'AfLeUgNG-YYkp29RMPZD9GMMIuE-imW1r_HlFGwfnfAN1bHYHBCqidel47Ue7h1kIxUkY9D4JpuOOaXT17r5d9FhOiU76ELt5-qUqkDzt0ZqfrPYFjmocNe4kQomR-CxZjjvBJvrSDSrHPfjQvf8ETHC5dfL1HnaLtydDrIK9hd-FrNgSNnE', 'width': 3264}]",ChIJCyuFM_9awokR-UCjM7JdJe0,3,4.4,ChIJCyuFM_9awokR-UCjM7JdJe0,"['grocery_or_supermarket', 'supermarket', 'liquor_store', 'food', 'store', 'health', 'point_of_interest', 'establishment']",3571,40.6748928,-73.9887879,40.67644688,-73.98767137,40.67374722,-73.99037103,TRUE,M2F6+XF New York,87G8M2F6+XF
OPERATIONAL,"1400 Waterfront Terrace, Weehawken, NJ 07086, United States",https://maps.gstatic.com/mapfiles/place_api/icons/v1/png_71/shopping-71.png,#4B96F3,https://maps.gstatic.com/mapfiles/place_api/icons/v2/shoppingcart_pinlet,Whole Foods Market,"[{'height': 1836, 'html_attributions': ['<a href=""https://maps.google.com/maps/contrib/105640200062406600412"">Alvin Wu</a>'], 'photo_reference': 'AfLeUgPWeLp6ebj69XTLKK2NzBW4XEjAKXSCkzIH0Av0e9ti30cVPDAe7YAsyQtxeKe4p1DYdBWG4RWzUYe9UsJ5liUfbYr-1dqBlqog-n1lh2qp7eX2ymbtVxXI9WODuhufSJzN-lgWrvOhVX3iXX7OwaN5zInw7dW4TLdm68k7hsY-Qtqx', 'width': 3264}]",ChIJQcjIYsJZwokRc_Xx-R6sRPk,,4.3,ChIJQcjIYsJZwokRc_Xx-R6sRPk,"['grocery_or_supermarket', 'supermarket', 'liquor_store', 'food', 'store', 'health', 'point_of_interest', 'establishment']",673,40.7620444,-74.0229073,40.76327313,-74.02150807,40.76057347,-74.02420773,FALSE,"QX6G+MV Weehawken, New Jersey",87G7QX6G+MV
OPERATIONAL,"238 Bedford Ave, Brooklyn, NY 11249, United States",https://maps.gstatic.com/mapfiles/place_api/icons/v1/png_71/shopping-71.png,#4B96F3,https://maps.gstatic.com/mapfiles/place_api/icons/v2/shoppingcart_pinlet,Whole Foods Market,"[{'height': 3012, 'html_attributions': ['<a href=""https://maps.google.com/maps/contrib/114185630651978875466"">Jason McCann</a>'], 'photo_reference': 'AfLeUgMFYrvvrkWxkH26R5k5AURhdo-qkhWlt8zH0_yu6erIwv7Z_SlAH8M_BQPDggE0OuFGQFWu9ZDBNsjNdRIqjwWmm4rtvwg8B8tN54zP8LQyOWjO9kPdFBb8TuJAhqhwiTQwKVgCO8oTHLImaQjYupY-7u25aM6mP-R2Q2Z7uNgg7cX6', 'width': 4017}]",ChIJRyyQoGBZwokR2ISrdKgCsdo,1,4.3,ChIJRyyQoGBZwokR2ISrdKgCsdo,"['grocery_or_supermarket', 'supermarket', 'liquor_store', 'food', 'store', 'health', 'point_of_interest', 'establishment']",2383,40.7161409,-73.9597096,40.71746558,-73.95830467,40.71476592,-73.96100433,TRUE,P28R+F4 New York,87G8P28R+F4
OPERATIONAL,"292 Ashland Pl, Brooklyn, NY 11217, United States",https://maps.gstatic.com/mapfiles/place_api/icons/v1/png_71/shopping-71.png,#4B96F3,https://maps.gstatic.com/mapfiles/place_api/icons/v2/shoppingcart_pinlet,Whole Foods Market,"[{'height': 2268, 'html_attributions': ['<a href=""https://maps.google.com/maps/contrib/116104693450782621463"">A Google User</a>'], 'photo_reference': 'AfLeUgOrpnPjVm_NY6bsKU8pKbRO1Z6TMzhUrMp3FQ5RvpurpiU869tdVx3PJjNxjT6bwfAfN_ESo8lOa_GVZ78z2w_879ClAfRzp_ikYrzYHRgRe6vfLj1rDmrnTP9mgsN2DfkCQvPzO3UErjtESYZfi-4C2UBDhLQ0E3fXVaPf6kQkmx2U', 'width': 4032}]",ChIJNewOPrJbwokRkAD8HyPvtdc,3,4.1,ChIJNewOPrJbwokRkAD8HyPvtdc,"['grocery_or_supermarket', 'supermarket', 'liquor_store', 'food', 'store', 'health', 'point_of_interest', 'establishment']",1813,40.6862137,-73.9787227,40.68761323,-73.97718897,40.68491357,-73.97988863,TRUE,M2PC+FG New York,87G8M2PC+FG
OPERATIONAL,"905 River Rd, Edgewater, NJ 07020, United States",https://maps.gstatic.com/mapfiles/place_api/icons/v1/png_71/shopping-71.png,#4B96F3,https://maps.gstatic.com/mapfiles/place_api/icons/v2/shoppingcart_pinlet,Whole Foods Market,"[{'height': 3024, 'html_attributions': ['<a href=""https://maps.google.com/maps/contrib/112482855204724068725"">Anatoli Karotki</a>'], 'photo_reference': 'AfLeUgOkomhS6wQEkS_9gPvP-osSH7O7zYl_qZcjBianPGY4lo_aImkJcZfZGeCaA6TPcuaS8wWZ9HalClsvTFnfFeoCyOgnCIv42TKUSRV4RRjo-G0IJ1trUnesm_cIRcOd51QD43G7jQs9KCSjMxMu_-v04yAnkenezbnP9gDl4kQd3n7C', 'width': 4032}]",ChIJg7-TU1D2wokRN0BTn1YCWOs,3,4.4,ChIJg7-TU1D2wokRN0BTn1YCWOs,"['grocery_or_supermarket', 'supermarket', 'liquor_store', 'food', 'store', 'health', 'point_of_interest', 'establishment']",1232,40.8247925,-73.9740028,40.82608508,-73.97240512,40.82338542,-73.97510478,FALSE,"R2FG+W9 Edgewater, New Jersey",87G8R2FG+W9
OPERATIONAL,"21 Flushing Ave, Brooklyn, NY 11205, United States",https://maps.gstatic.com/mapfiles/place_api/icons/v1/png_71/shopping-71.png,#4B96F3,https://maps.gstatic.com/mapfiles/place_api/icons/v2/shoppingcart_pinlet,Wegmans,"[{'height': 608, 'html_attributions': ['<a href=""https://maps.google.com/maps/contrib/111143133945430306816"">A Google User</a>'], 'photo_reference': 'AfLeUgOcvVuIb0jzb_OIqZCW5kaNNz8rD5-e0ItGZnscnXXdokHTFfHW7a36pQV5M1IQKAcais4Zdsz78wXwkScUX7Z8J7qn_staM8zjhlgCQwE-RaYdQoEmtST7BHHRHmtZE-Fzr6tOpXPfl2Edmqu26Q6Zk6CwmTHSSntPev8li4bMrYHe', 'width': 1080}]",ChIJtQBwWPVbwokR9VDpbdSqQZQ,,4.5,ChIJtQBwWPVbwokR9VDpbdSqQZQ,"['grocery_or_supermarket', 'supermarket', 'food', 'point_of_interest', 'store', 'establishment']",3047,40.698879,-73.979346,40.70044255,-73.97822575,40.69746755,-73.98128275,TRUE,M2XC+H7 New York,87G8M2XC+H7
OPERATIONAL,"140 W 57th St, New York, NY 10019, United States",https://maps.gstatic.com/mapfiles/place_api/icons/v1/png_71/shopping-71.png,#4B96F3,https://maps.gstatic.com/mapfiles/place_api/icons/v2/shoppingcart_pinlet,MORTON WILLIAMS SUPERMARKETS,"[{'height': 3024, 'html_attributions': ['<a href=""https://maps.google.com/maps/contrib/110528276779648294747"">氣功師サティのニューヨークヒーリングラジオSattee</a>'], 'photo_reference': 'AfLeUgMwLhgdCyupGqVeiQ7cflrjLnPvvwt3tmmlCxhN2v6hTQHJfIihfQwVjIRSlvRIAoK05DJOxy2xZM0f1sqM66dBuI2IyGdl7SDOn2gtKBqe89wDKcsbw1zFY1Ud3XFwFNaTIbmozL5NUIjxNNavCpiecs3wtbOOXs661D9GvwVu_Itk', 'width': 4032}]",ChIJlTWmZvdYwokROyEKYwbPEwo,,4.3,ChIJlTWmZvdYwokROyEKYwbPEwo,"['supermarket', 'grocery_or_supermarket', 'store', 'food', 'point_of_interest', 'establishment']",1017,40.7647437,-73.9789166,40.76624308,-73.97750782,40.76354342,-73.98020748,TRUE,Q27C+VC New York,87G8Q27C+VC
OPERATIONAL,"278 Park Ave S, New York, NY 10010, United States",https://maps.gstatic.com/mapfiles/place_api/icons/v1/png_71/shopping-71.png,#4B96F3,https://maps.gstatic.com/mapfiles/place_api/icons/v2/shoppingcart_pinlet,Morton Williams Supermarkets,"[{'height': 4032, 'html_attributions': ['<a href=""https://maps.google.com/maps/contrib/111183567553928679320"">A Google User</a>'], 'photo_reference': 'AfLeUgP1S89OcaKnXNqdJOxbAORMs50ncn-DF1Ml_4T4QbuLhkn_-_MpVbLzFmrd6LYa5dHJNSx3DZ-ucrjHUqiPheoE8EyYtFbOzphq2NsSfxo5x-HK3Esp2SP6vUjm_UXaGN6y9UO7uwqUabcW83oghbrJXnJ7WHUY-rneiWrYSX5mOZXL', 'width': 3024}]",ChIJuxB7FqFZwokRZM2omDcGNb0,,3.6,ChIJuxB7FqFZwokRZM2omDcGNb0,"['supermarket', 'atm', 'grocery_or_supermarket', 'finance', 'store', 'food', 'point_of_interest', 'establishment']",244,40.7394127,-73.9872538,40.74071903,-73.98581392,40.73801937,-73.98851358,TRUE,P2Q7+Q3 New York,87G8P2Q7+Q3
OPERATIONAL,"1331 1st Ave., New York, NY 10021, United States",https://maps.gstatic.com/mapfiles/place_api/icons/v1/png_71/shopping-71.png,#4B96F3,https://maps.gstatic.com/mapfiles/place_api/icons/v2/shoppingcart_pinlet,MORTON WILLIAMS SUPERMARKETS,"[{'height': 2268, 'html_attributions': ['<a href=""https://maps.google.com/maps/contrib/111021412405136576412"">Jose Acevedo</a>'], 'photo_reference': 'AfLeUgNOMgsWpohsJB-0bfr3jsa8bWvwv11S6YQDbq-P57Dginf2UFKZhX8jbjAKrSFbqCGcPjlYAsu-elivhD0TpLLD_xPqPOLQIVN9y-cp71paZCUGudNpaFsnFkB9H6sE1flyMxKemmoBdWMif--0DKaXlCoJMUwg86ZJ2ftG3z0NeX0B', 'width': 4032}]",ChIJg4OMoMFYwokRTxs3OH9NQGg,,4,ChIJg4OMoMFYwokRTxs3OH9NQGg,"['supermarket', 'grocery_or_supermarket', 'store', 'food', 'point_of_interest', 'establishment']",632,40.7673667,-73.9565889,40.76878113,-73.95506102,40.76608147,-73.95776068,TRUE,Q28V+W9 New York,87G8Q28V+W9
OPERATIONAL,"1031 1st Ave., New York, NY 10022, United States",https://maps.gstatic.com/mapfiles/place_api/icons/v1/png_71/shopping-71.png,#4B96F3,https://maps.gstatic.com/mapfiles/place_api/icons/v2/shoppingcart_pinlet,Morton Williams Supermarkets,"[{'height': 3024, 'html_attributions': ['<a href=""https://maps.google.com/maps/contrib/110350650058354473218"">Bremse</a>'], 'photo_reference': 'AfLeUgMf_OFirOVp8IVHFJSGO9X6HbgeAZbn40f4UWJd4TESXi471d-39_WAzo--ghaSzQi8vsMDMZ8aFsqIKt8HAj35puC7OA_iCsg6M51BxUV4cWzDUpuz1zMYzLstCUU8kqHqyAC3PC9yeCLE8ReISm9t2NVqLlZIgb__5VyTxGpCE6jc', 'width': 4032}]",ChIJ0dtMz-ZYwokRo0RsQAlsIyw,,4.1,ChIJ0dtMz-ZYwokRo0RsQAlsIyw,"['supermarket', 'grocery_or_supermarket', 'store', 'food', 'point_of_interest', 'establishment']",458,40.757898,-73.9635076,40.75917183,-73.96218792,40.75647217,-73.96488758,TRUE,Q25P+5J New York,87G8Q25P+5J
OPERATIONAL,"908 2nd Ave, New York, NY 10017, United States",https://maps.gstatic.com/mapfiles/place_api/icons/v1/png_71/shopping-71.png,#4B96F3,https://maps.gstatic.com/mapfiles/place_api/icons/v2/shoppingcart_pinlet,Morton Williams Supermarkets,"[{'height': 3024, 'html_attributions': ['<a href=""https://maps.google.com/maps/contrib/108037419906971159832"">Augusto Ensiki</a>'], 'photo_reference': 'AfLeUgPWDy6G5aWuj_CxQei2PEfamhXzMO-QL7KrDkikn4_UMkduMJtiWhLVTdzA3AJ3ymHtcnYSgdne5g5AnGEG8_Y9ufIdSLKqOj5OdjjnorbfxYJQirBjEEBE52As7m7Jwk3BizcQ-6W7DkQNf4F7PET5Jr40vclmYObih-Z71sNt7oTg', 'width': 4032}]",ChIJwdELkOJYwokRgSJOA1wL2Mo,,4.1,ChIJwdELkOJYwokRgSJOA1wL2Mo,"['supermarket', 'grocery_or_supermarket', 'store', 'food', 'point_of_interest', 'establishment']",968,40.7538,-73.9690999,40.75516433,-73.96778427,40.75246467,-73.97048393,TRUE,Q23J+G9 New York,87G8Q23J+G9
OPERATIONAL,"1565 1st Ave., New York, NY 10028, United States",https://maps.gstatic.com/mapfiles/place_api/icons/v1/png_71/shopping-71.png,#4B96F3,https://maps.gstatic.com/mapfiles/place_api/icons/v2/shoppingcart_pinlet,Morton Williams Supermarket,"[{'height': 3024, 'html_attributions': ['<a href=""https://maps.google.com/maps/contrib/110755732303132915603"">Ryan Pflaum</a>'], 'photo_reference': 'AfLeUgNnXc_XiNJZGfO5XVeUAUAeCDGTwzhCqrxnvgyz2H09NnOy5Otp1OzlMR2mRkvafuHQzALG7HBgzVOCBlQfJEIsNtwzjeNgiGdwLzFYhxotLlsc9cEx0gMWcPmOTMMGBSZQUJyEtFu7Mngn__jDH8srXimbDmv_qKeYKWWzOVtohIWp', 'width': 4032}]",ChIJYXC-FblYwokR9xWuqc58d7g,,3.7,ChIJYXC-FblYwokR9xWuqc58d7g,"['supermarket', 'grocery_or_supermarket', 'store', 'food', 'point_of_interest', 'establishment']",313,40.7738546,-73.9518157,40.77515038,-73.95038797,40.77245072,-73.95308763,TRUE,Q2FX+G7 New York,87G8Q2FX+G7
OPERATIONAL,"917 9th Ave, New York, NY 10019, United States",https://maps.gstatic.com/mapfiles/place_api/icons/v1/png_71/shopping-71.png,#4B96F3,https://maps.gstatic.com/mapfiles/place_api/icons/v2/shoppingcart_pinlet,MORTON WILLIAMS SUPERMARKETS,"[{'height': 3024, 'html_attributions': ['<a href=""https://maps.google.com/maps/contrib/116507382416807671621"">mamrak s</a>'], 'photo_reference': 'AfLeUgOJY0gSFX9hKSPJvObjzAVayLYi8-DZujc_BEQNpgvGQMgb0Pb5zDI2S_3hNjaBFdI1czDvYpiVi7Ryjj33Eskb_JGpwEd0zcSuvbVXcibOBcALXU0MFDfv_PZDqgQNHLn4la0tRFzeWVNtkKK0mu4zEeNJWgc3NVaOD9bWGWVX38hg', 'width': 4032}]",ChIJabm8wlhYwokRGwnWxb9HbtY,,3.9,ChIJabm8wlhYwokRGwnWxb9HbtY,"['supermarket', 'grocery_or_supermarket', 'store', 'food', 'point_of_interest', 'establishment']",485,40.7689628,-73.9852025,40.77026383,-73.98376577,40.76756417,-73.98646543,TRUE,Q297+HW New York,87G8Q297+HW
OPERATIONAL,"1211 Madison Ave, New York, NY 10128, United States",https://maps.gstatic.com/mapfiles/place_api/icons/v1/png_71/shopping-71.png,#4B96F3,https://maps.gstatic.com/mapfiles/place_api/icons/v2/shoppingcart_pinlet,MORTON WILLIAMS SUPERMARKETS,"[{'height': 3024, 'html_attributions': ['<a href=""https://maps.google.com/maps/contrib/113687891296066603839"">Flemming Ernst</a>'], 'photo_reference': 'AfLeUgPhzQmjQ-aBttBvZRaV22P1kzB6-pTKUWc9o2DyfPu-oX5liSi4vpM1u36rynZ7DuVwBG9aXtspa3BVd376Fk_EGDpa995nLXsBHIHJl1cNHEAcqD2rdwCn2Y7H1elDoD4AYHlNL8ckgaWIda6V68rInHioce7WThFrgiJ0jaeLioIo', 'width': 4032}]",ChIJSxyuyaJYwokRnrldro_G1Ps,,4.2,ChIJSxyuyaJYwokRnrldro_G1Ps,"['supermarket', 'grocery_or_supermarket', 'store', 'food', 'point_of_interest', 'establishment']",352,40.7816574,-73.9580391,40.78299133,-73.95678217,40.78029167,-73.95948183,TRUE,Q2JR+MQ New York,87G8Q2JR+MQ
OPERATIONAL,"1251 3rd Ave, New York, NY 10021, United States",https://maps.gstatic.com/mapfiles/place_api/icons/v1/png_71/shopping-71.png,#4B96F3,https://maps.gstatic.com/mapfiles/place_api/icons/v2/shoppingcart_pinlet,MORTON WILLIAMS SUPERMARKETS,"[{'height': 1080, 'html_attributions': ['<a href=""https://maps.google.com/maps/contrib/109956306791474163965"">Edwin Pratt</a>'], 'photo_reference': 'AfLeUgPD6ket6kEjVQJbe2csB69rHxcqIU_YBdMEMqwYUtvxsj0z1UwfvGVv4RenMC55yzDTrpCsiMuQVMODsynpoR7ez_EWJIpf0mpLqmoJRiWPhJfq4oqDWm1rcMevQ2aK4gJOA1zOxt6Y_BufO1F9TW0ghIZaN8HJ7nVOyqzhB9Mw8_NN', 'width': 1920}]",ChIJ54xCElhZwokRUFGlkOugKXw,,4.2,ChIJ54xCElhZwokRUFGlkOugKXw,"['supermarket', 'grocery_or_supermarket', 'store', 'food', 'point_of_interest', 'establishment']",176,40.769822,-73.9603509,40.77119978,-73.95908262,40.76850012,-73.96178228,TRUE,Q29Q+WV New York,87G8Q29Q+WV
OPERATIONAL,"130 Bleecker St, New York, NY 10012, United States",https://maps.gstatic.com/mapfiles/place_api/icons/v1/png_71/shopping-71.png,#4B96F3,https://maps.gstatic.com/mapfiles/place_api/icons/v2/shoppingcart_pinlet,MORTON WILLIAMS SUPERMARKETS,"[{'height': 4032, 'html_attributions': ['<a href=""https://maps.google.com/maps/contrib/116072147684660034944"">Samriddha Malla</a>'], 'photo_reference': 'AfLeUgNCynQi-eV4ozmmzzIr09fyJIILhPq6DhRHG3uwXdoUBSwaeiw7lDftYE81ugItvVLwUiYA_Rk34_gZ-rOOnqPcDhmwe02wDu2YJIhT40Y_SL2lnjctj1lrS1ChvJSYNp25YpZnNrJ3wrec2mp7TcVLXWfdGmyGxblBF7Bkn5ghITsH', 'width': 3024}]",ChIJbcsU2ZFZwokRL9esxzwOzEE,,4,ChIJbcsU2ZFZwokRL9esxzwOzEE,"['supermarket', 'grocery_or_supermarket', 'store', 'food', 'point_of_interest', 'establishment']",561,40.7278117,-73.9987584,40.72920118,-73.99737417,40.72650152,-74.00007383,TRUE,P2H2+4F New York,87G8P2H2+4F
OPERATIONAL,"1066 3rd Ave, New York, NY 10065, United States",https://maps.gstatic.com/mapfiles/place_api/icons/v1/png_71/shopping-71.png,#4B96F3,https://maps.gstatic.com/mapfiles/place_api/icons/v2/shoppingcart_pinlet,Morton Williams Supermarkets,"[{'height': 3024, 'html_attributions': ['<a href=""https://maps.google.com/maps/contrib/116755440436715686286"">J Prez</a>'], 'photo_reference': 'AfLeUgMKkxYVtFC9M9sYQ6eOUcCrzHXgVMRXBFk1aATRuIeR9x1vKOIDk4IATtNJGZPtLLvPfB5uCCEfpS_s8mNSxOChQQAhhLxfrKX_lKs2_N1iOBVYqIEXv0xmtxbZdEYzhVN-AuuDbiEVkZLbIdgqFToJulNruDazIA6Sap0xIjAs5swL', 'width': 4032}]",ChIJQyEH0ehYwokRdBbXzsOGYmQ,,4.1,ChIJQyEH0ehYwokRdBbXzsOGYmQ,"['supermarket', 'grocery_or_supermarket', 'store', 'food', 'point_of_interest', 'establishment']",660,40.7644148,-73.9648692,40.76573228,-73.96335112,40.76303262,-73.96605078,TRUE,Q27P+Q3 New York,87G8Q27P+Q3
OPERATIONAL,"2941 Broadway, New York, NY 10027, United States",https://maps.gstatic.com/mapfiles/place_api/icons/v1/png_71/shopping-71.png,#4B96F3,https://maps.gstatic.com/mapfiles/place_api/icons/v2/shoppingcart_pinlet,Morton Williams Supermarkets,"[{'height': 4032, 'html_attributions': ['<a href=""https://maps.google.com/maps/contrib/116676065544125728335"">shiva chetan</a>'], 'photo_reference': 'AfLeUgPCy--ZEsg28TsZzMeTr7T-4op_dlc4OnWASgbysCavyNnTVJtZZxT6pGHLoxKYrhQosR4195ZF4zY37lzbAlOUT98YkjayZApOfhXgiy1i_6mnoWC6LqigSvAdby6XwlUOBt_twwBbqBRM9yB0t3-EEW2BAgEnc63PH7DWYzQP6_4X', 'width': 3024}]",ChIJx5-q0D72wokR-98xbWUpdMY,,3.5,ChIJx5-q0D72wokR-98xbWUpdMY,"['supermarket', 'grocery_or_supermarket', 'store', 'food', 'point_of_interest', 'establishment']",297,40.8076684,-73.9645733,40.80896093,-73.96313347,40.80626127,-73.96583313,TRUE,R25P+35 New York,87G8R25P+35
OPERATIONAL,"313 E 23rd St, New York, NY 10010, United States",https://maps.gstatic.com/mapfiles/place_api/icons/v1/png_71/shopping-71.png,#4B96F3,https://maps.gstatic.com/mapfiles/place_api/icons/v2/shoppingcart_pinlet,MORTON WILLIAMS SUPERMARKETS,"[{'height': 2988, 'html_attributions': ['<a href=""https://maps.google.com/maps/contrib/104842433142609722240"">Rob Cooke</a>'], 'photo_reference': 'AfLeUgMrCQg6ykfe7cYEr1NmwU57re-NxuDdIEBs5wo-7wUNzOH7GeuAte5TwvvnQidFCk4HyD7MA8qNRYMtvPNxXZd8DccQnZKtULYvxSJ-GSoB2ry-1_3n0E0qScc-2jPSxaYCgvC6gTjQBE9fh79gl8i6Da7qV7SIjqgHKR7EgiijwrON', 'width': 5312}]",ChIJucv6UgpZwokRc_1ic0idaSw,,3.8,ChIJucv6UgpZwokRc_1ic0idaSw,"['supermarket', 'grocery_or_supermarket', 'store', 'food', 'point_of_interest', 'establishment']",402,40.7378369,-73.9801146,40.73904398,-73.97869827,40.73634432,-73.98139793,TRUE,P2Q9+4X New York,87G8P2Q9+4X
OPERATIONAL,"260 Park Ave S, E 21st St, New York, NY 10010, United States",https://maps.gstatic.com/mapfiles/place_api/icons/v1/png_71/shopping-71.png,#4B96F3,https://maps.gstatic.com/mapfiles/place_api/icons/v2/shoppingcart_pinlet,MORTON WILLIAMS SUPERMARKETS,,ChIJ5envPFRZwokRTpMKXRTPi9M,,0,ChIJ5envPFRZwokRTpMKXRTPi9M,"['grocery_or_supermarket', 'store', 'food', 'point_of_interest', 'establishment']",0,40.7388862,-73.9877132,40.74031053,-73.98630937,40.73761087,-73.98900903,FALSE,P2Q6+HW New York,87G8P2Q6+HW
OPERATIONAL,"15 West End Ave, New York, NY 10023, United States",https://maps.gstatic.com/mapfiles/place_api/icons/v1/png_71/shopping-71.png,#4B96F3,https://maps.gstatic.com/mapfiles/place_api/icons/v2/shoppingcart_pinlet,Morton Williams Supermarkets,"[{'height': 3024, 'html_attributions': ['<a href=""https://maps.google.com/maps/contrib/101217640086810716166"">Zachary Zawila</a>'], 'photo_reference': 'AfLeUgPQXeUowAVpkudEz7n46igscZ045Rr8Gz0H6pFeOkhbX-SNqsNNmO000M2GbAqrhD5I1Xxe9DjR50iAfZ_p73Xp1bLHZ5lGTTw36-Wc84LWJ-G9bTAYXzrK6KokMPBav8nrESd4pNBeKPYHyZSfD-p8FN-E3wmQcN6q43eu3EQTSqny', 'width': 4032}]",ChIJW0IsvnFZwokRvc_5nuewZBE,,3.9,ChIJW0IsvnFZwokRvc_5nuewZBE,"['supermarket', 'grocery_or_supermarket', 'store', 'food', 'point_of_interest', 'establishment']",217,40.7721229,-73.9904864,40.77353388,-73.98892972,40.77083422,-73.99162938,TRUE,Q2C5+RR New York,87G8Q2C5+RR
OPERATIONAL,"2017 Broadway, New York, NY 10023, United States",https://maps.gstatic.com/mapfiles/place_api/icons/v1/png_71/shopping-71.png,#4B96F3,https://maps.gstatic.com/mapfiles/place_api/icons/v2/shoppingcart_pinlet,Morton Williams,"[{'height': 4032, 'html_attributions': ['<a href=""https://maps.google.com/maps/contrib/107011581015319368608"">glauby613</a>'], 'photo_reference': 'AfLeUgMwykThYKhz2JIG1ycJ2UVqF-LwEKpXqUS7i_H6huI4ZBDYa0USS6oxKMCsb2il1jRl5FnchEmOSnyMrPIEnErefpKGThKdJPZaj_humYmCq7DWM8wlaRkeJTQNzBJqIixaOo8ynMFgo59wGyuvJNXKSb3-m9lJz8gyddvfyp0C1M3U', 'width': 3024}]",ChIJnb2q3l5ZwokRVLalrjVe1E4,,0,ChIJnb2q3l5ZwokRVLalrjVe1E4,"['grocery_or_supermarket', 'store', 'food', 'point_of_interest', 'establishment']",0,40.7738698,-73.9819437,40.77516373,-73.98050597,40.77246407,-73.98320563,,Q2F9+G6 New York,87G8Q2F9+G6
OPERATIONAL,"313 E 23rd St, New York, NY 10010, United States",https://maps.gstatic.com/mapfiles/place_api/icons/v1/png_71/shopping-71.png,#4B96F3,https://maps.gstatic.com/mapfiles/place_api/icons/v2/shopping_pinlet,Morton Williams Wines and Spirits,"[{'height': 4656, 'html_attributions': ['<a href=""https://maps.google.com/maps/contrib/109665035918198386615"">Jason Elmer</a>'], 'photo_reference': 'AfLeUgNkaMS8p5IqEDhvzi-nYpeo7jkyCemHv3qL6AsV5QTRbHU_vY6WT7LivmAqpHjJgaQY1GfOlKksNIG1WiVk79LmX3odR4Ldx-KXR4hZRPaKq7F9MNLQT0Oo_wT7J8cPftdFAYeFkIB7QOUu_8QGJzeM1H7-rLE7-EGjm3WI-QwvuBog', 'width': 3492}]",ChIJXRpDqgtZwokRARaEH5TIJjc,,4.2,ChIJXRpDqgtZwokRARaEH5TIJjc,"['liquor_store', 'supermarket', 'grocery_or_supermarket', 'store', 'food', 'point_of_interest', 'establishment']",192,40.7377511,-73.9800134,40.73901138,-73.97871382,40.73631172,-73.98141348,FALSE,P2Q9+4X New York,87G8P2Q9+4X
OPERATIONAL,"2131 Broadway, New York, NY 10023, United States",https://maps.gstatic.com/mapfiles/place_api/icons/v1/png_71/shopping-71.png,#4B96F3,https://maps.gstatic.com/mapfiles/place_api/icons/v2/shoppingcart_pinlet,Fairway Market of 74th Street,"[{'height': 3024, 'html_attributions': ['<a href=""https://maps.google.com/maps/contrib/116507382416807671621"">mamrak s</a>'], 'photo_reference': 'AfLeUgPgzCex2aMwe2oz3HSq05twgJbO3JcLReRNrUyac7zukUoSf-Yc8ZO1FF7ERlkrL6-8j5-O4XRNDU-kOrr5xqyHm4_96MAElTAzdUqIPdfJM5TnY8GkKEDNVyXvWPZXpxcCWpjc8P6JwsbMnWFlQheafy5NZzOw_AvEy95TP4FG2a-w', 'width': 4032}]",ChIJQ75KlYlYwokRs7U2ntd8bOU,2,4.2,ChIJQ75KlYlYwokRs7U2ntd8bOU,"['grocery_or_supermarket', 'supermarket', 'store', 'food', 'point_of_interest', 'establishment']",2087,40.7807653,-73.9816666,40.78210028,-73.98023552,40.77940062,-73.98293518,TRUE,Q2J9+88 New York,87G8Q2J9+88
OPERATIONAL,"550 2nd Ave, New York, NY 10016, United States",https://maps.gstatic.com/mapfiles/place_api/icons/v1/png_71/shopping-71.png,#4B96F3,https://maps.gstatic.com/mapfiles/place_api/icons/v2/shoppingcart_pinlet,Fairway Market Kips Bay,"[{'height': 2268, 'html_attributions': ['<a href=""https://maps.google.com/maps/contrib/117344828956580842825"">Brandon Peterson</a>'], 'photo_reference': 'AfLeUgOlLF1jtYehUufZJLPVBWyWCw9vRkWDq4TDThkxqWS9oUU1GFfiaRZokqAK6NdBJL5VemUR6jVyYtV-BsjLZ4Sjwtlqd-IcvkiVj59_eOo1OWFYgw8MrXEbyi9ylvOcByvh4OnDutumB5w-se_gPS8FKgp60hYQ5IkLBU4SzuA3a6gF', 'width': 4032}]",ChIJVY3s0ghZwokR6e1D8qjJL1k,2,4.3,ChIJVY3s0ghZwokR6e1D8qjJL1k,"['grocery_or_supermarket', 'supermarket', 'cafe', 'store', 'food', 'point_of_interest', 'establishment']",2148,40.7424641,-73.9770711,40.74368108,-73.97589127,40.74098142,-73.97859093,TRUE,P2RF+X5 New York,87G8P2RF+X5
OPERATIONAL,"240 East 86th St, New York, NY 10028, United States",https://maps.gstatic.com/mapfiles/place_api/icons/v1/png_71/shopping-71.png,#4B96F3,https://maps.gstatic.com/mapfiles/place_api/icons/v2/shoppingcart_pinlet,Fairway Market of 86th Street,"[{'height': 3024, 'html_attributions': ['<a href=""https://maps.google.com/maps/contrib/118235277430475715703"">Laszlo Varga</a>'], 'photo_reference': 'AfLeUgMEXMmDKEL5t8UAXbjHxGyROtvLx2Xuyn0J6jKdlqsnvKrZPoSqd_bJfdSObKvvcWuLiqMZ5c32cTNz9oReIKUXO2eP0fpUocm2hf42kvSFEjslULXuf44czG9yYfgjVIREr5KkjwlbSxiQj38f8Wh_WX61cf1tKI3X1yIPKUEmvuS9', 'width': 4032}]",ChIJQ75KlYlYwokRN76w58GDi00,2,4.2,ChIJQ75KlYlYwokRN76w58GDi00,"['grocery_or_supermarket', 'supermarket', 'store', 'food', 'point_of_interest', 'establishment']",2201,40.7780229,-73.9527073,40.77943313,-73.95123852,40.77673347,-73.95393818,TRUE,Q2HW+6W New York,87G8Q2HW+6W
OPERATIONAL,"766 6th Ave, New York, NY 10010, United States",https://maps.gstatic.com/mapfiles/place_api/icons/v1/png_71/shopping-71.png,#4B96F3,https://maps.gstatic.com/mapfiles/place_api/icons/v2/shoppingcart_pinlet,Fairway Market of Chelsea,"[{'height': 3024, 'html_attributions': ['<a href=""https://maps.google.com/maps/contrib/108106354159655896547"">Pablo Augusto Badaroux</a>'], 'photo_reference': 'AfLeUgN3eL5g1PUXBx27rz91_Xkx7ubSSfnr5q82dpPU22w8bq2qHa4tnS8O75Pw0MivvGzhfQj3jPbCi7tQUEfkUgDNC32GmhIUuvEUSwbowYORIEVLgRMpnQe3ttpf9JioLmVrTg7X_NqjmniBF1KSLedDbTgG1FrTOerPlYuJT4PnqAi2', 'width': 4032}]",ChIJi6wqqaVZwokRGr5R0dVtAbg,,4.2,ChIJi6wqqaVZwokRGr5R0dVtAbg,"['grocery_or_supermarket', 'supermarket', 'store', 'food', 'point_of_interest', 'establishment']",1917,40.7445028,-73.991425,40.74563583,-73.98991697,40.74293617,-73.99261663,FALSE,P2V5+RC New York,87G8P2V5+RC
OPERATIONAL,"675 6th Ave, New York, NY 10010, United States",https://maps.gstatic.com/mapfiles/place_api/icons/v1/png_71/shopping-71.png,#4B96F3,https://maps.gstatic.com/mapfiles/place_api/icons/v2/shoppingcart_pinlet,Trader Joe's,"[{'height': 3456, 'html_attributions': ['<a href=""https://maps.google.com/maps/contrib/107825351408084373517"">James Petts</a>'], 'photo_reference': 'AfLeUgNI31SxDOKjrGKHyFyExfId7VQIi15NCa6SElk_bkblIAfTsn40FE5Xx4NOWa2tKKFntNaFJvdkP_Iu-waNmQcdVCUuggk_JnHZRXQMUK4yimRNu216VQv03nlD_UD6ttB99kD2lE9rZlbOXewJBPm7ihBHaIwARFsqniXpPVMjHwZ0', 'width': 4608}]",ChIJI5xCX6NZwokR3jdSQwsw2DI,2,4.6,ChIJI5xCX6NZwokR3jdSQwsw2DI,"['grocery_or_supermarket', 'supermarket', 'store', 'health', 'food', 'point_of_interest', 'establishment']",6032,40.7420901,-73.9941211,40.74329368,-73.99251087,40.74059402,-73.99521053,FALSE,P2R4+R9 New York,87G8P2R4+R9
OPERATIONAL,"200 E 32nd St, New York, NY 10016, United States",https://maps.gstatic.com/mapfiles/place_api/icons/v1/png_71/shopping-71.png,#4B96F3,https://maps.gstatic.com/mapfiles/place_api/icons/v2/shoppingcart_pinlet,Trader Joe's,"[{'height': 3024, 'html_attributions': ['<a href=""https://maps.google.com/maps/contrib/104386132997549304923"">Maarten Schäfer</a>'], 'photo_reference': 'AfLeUgPNdBK3aeLgy3h9rgR_qTJb_V6p8KiKaAd-jBNPib8NWWotLQd7lGP-rb_-wA2-DGsFB4N1q401qURlKzIQMs7vH1BNwn4dlnm0ErQvlRPHe7OcvBYAyu9AuAlqW_8LD1wZajTDCEhSRd7JmTxd82HbgZsyezMoZGrdTzvhIRq6Vpod', 'width': 4032}]",ChIJH_ZOmghZwokRa20TcxP_Bfs,2,4.5,ChIJH_ZOmghZwokRa20TcxP_Bfs,"['grocery_or_supermarket', 'supermarket', 'store', 'health', 'food', 'point_of_interest', 'establishment']",3806,40.7439882,-73.9790839,40.74542123,-73.97787907,40.74272157,-73.98057873,FALSE,P2VC+H9 New York,87G8P2VC+H9
OPERATIONAL,"142 E 14th St, New York, NY 10003, United States",https://maps.gstatic.com/mapfiles/place_api/icons/v1/png_71/shopping-71.png,#4B96F3,https://maps.gstatic.com/mapfiles/place_api/icons/v2/shoppingcart_pinlet,Trader Joe's,"[{'height': 3024, 'html_attributions': ['<a href=""https://maps.google.com/maps/contrib/116459289962089758430"">Mod Mod</a>'], 'photo_reference': 'AfLeUgMMbulQNuRzbBX3cKtPMDbtRWu3NMib5UrraZd0vH2tNG77QmK-0x5dJe-zo5tbXe8jxyv78byAHvEUvD6TFD6ZAelLOJShW-8hO5ulyDFbrYlL2DjuSHkM6qa-W0HyEKZT3GkUH9jNvcLhs8RPSz3twxNofMEqalYcU1_sgzsbi-4', 'width': 4032}]",ChIJa5oiKJ9ZwokR4EX7HlQSstY,2,4.4,ChIJa5oiKJ9ZwokR4EX7HlQSstY,"['grocery_or_supermarket', 'supermarket', 'store', 'health', 'food', 'point_of_interest', 'establishment']",4545,40.7333532,-73.9878949,40.73482333,-73.98653202,40.73212367,-73.98923168,FALSE,P2M6+8R New York,87G8P2M6+8R
OPERATIONAL,"400 Grand St. (Cellar, New York, NY 10002, United States",https://maps.gstatic.com/mapfiles/place_api/icons/v1/png_71/shopping-71.png,#4B96F3,https://maps.gstatic.com/mapfiles/place_api/icons/v2/shoppingcart_pinlet,Trader Joe's,"[{'height': 3024, 'html_attributions': ['<a href=""https://maps.google.com/maps/contrib/118352747832290984851"">Adrianne Galvez</a>'], 'photo_reference': 'AfLeUgMGfClL9OEd7I0SxASPCG_aHR6jov7nT_LhCb4B_KxTBnHiVSLzh0HFILxMfTzFQe5SWBuATwlBjIRjimy37dQRj8tczHQbzOGisrv7s1hvRittgIiW8bkaxuV2XnzIOT1O89lXP88Tq-2Ds_VAk7f6StGgyR5Hb0tkBLCL8e65SCSK', 'width': 4032}]",ChIJ9WABQ8hZwokR59mUJakO9IA,2,4.6,ChIJ9WABQ8hZwokR59mUJakO9IA,"['grocery_or_supermarket', 'supermarket', 'store', 'health', 'food', 'point_of_interest', 'establishment']",1972,40.7164903,-73.9867718,40.71760333,-73.98542932,40.71490367,-73.98812898,FALSE,P287+H7 New York,87G8P287+H7
OPERATIONAL,"405 E 59th St, New York, NY 10022, United States",https://maps.gstatic.com/mapfiles/place_api/icons/v1/png_71/shopping-71.png,#4B96F3,https://maps.gstatic.com/mapfiles/place_api/icons/v2/shoppingcart_pinlet,Trader Joe's,"[{'height': 3024, 'html_attributions': ['<a href=""https://maps.google.com/maps/contrib/114801092573736648127"">AA563755</a>'], 'photo_reference': 'AfLeUgPKbGExTDEyKpDwFl2WBwRznW170LkCE6i0bzW2MInoImXd2Op16JTo9wE5rdTX6nbM6Dvnir-0Bo-LStJRMQThJBmjLazY7yWzSkRYhPetEFkD-uSG7UpOsVS7I0_pK5u_fbPXGWjnSNv3dtJMKsIMcHNPxJaOBUdUbimmE7l-wnee', 'width': 4032}]",ChIJVaVhLKxZwokRS0yT-WWNnuA,,4.7,ChIJVaVhLKxZwokRS0yT-WWNnuA,"['grocery_or_supermarket', 'supermarket', 'store', 'health', 'food', 'point_of_interest', 'establishment']",749,40.7597032,-73.9615347,40.76094923,-73.96024947,40.75824957,-73.96294913,FALSE,Q25Q+V9 New York,87G8Q25Q+V9
OPERATIONAL,"2073 Broadway, New York, NY 10023, United States",https://maps.gstatic.com/mapfiles/place_api/icons/v1/png_71/shopping-71.png,#4B96F3,https://maps.gstatic.com/mapfiles/place_api/icons/v2/shoppingcart_pinlet,Trader Joe's,"[{'height': 1080, 'html_attributions': ['<a href=""https://maps.google.com/maps/contrib/101632465990461547928"">Camilo Virguez</a>'], 'photo_reference': 'AfLeUgP52jI7VwFZZ37hC1ZM9OBDElbYsZtohaLpwPkmaSg-Gnk0PRdWCs6NgvPWFqz9NuT6dUBS0PJRqyGX3n3D3RqW3C6TtLbi1i0NMuxHUubXL2IfSA8VdqZ77uWKBcEswdF5Jq48xYmneigsCTG5UZeOU2HidqeSkQj35DbjQ71mO8As', 'width': 1920}]",ChIJ5U8xEopYwokRjV6TuL4I9Ac,2,4.5,ChIJ5U8xEopYwokRjV6TuL4I9Ac,"['grocery_or_supermarket', 'supermarket', 'store', 'health', 'food', 'point_of_interest', 'establishment']",5353,40.7785639,-73.9823142,40.77989668,-73.98086967,40.77719702,-73.98356933,FALSE,Q2H9+C3 New York,87G8Q2H9+C3
OPERATIONAL,"233 Spring St, New York, NY 10013, United States",https://maps.gstatic.com/mapfiles/place_api/icons/v1/png_71/shopping-71.png,#4B96F3,https://maps.gstatic.com/mapfiles/place_api/icons/v2/shoppingcart_pinlet,Trader Joe's,"[{'height': 4032, 'html_attributions': ['<a href=""https://maps.google.com/maps/contrib/117808460219123378764"">Ruwan J.</a>'], 'photo_reference': 'AfLeUgNZNYvecLWGij_vkYdbPmXmS-QFADNs3JB51w_wvhWY9pGHlwII20xpwhzBefs0-RFjL7iu78RUCYL_UepRY5X7YcZIE8GLKlJP-u4ovBlBrfa1CsJswHIFBfqgclXx-xefrWc4135LHIJivts93pWUr0eoue_UwyFO9xEPDnl-fPqJ', 'width': 3024}]",ChIJZd0F3oxZwokRiaEouMZKQ-0,2,4.7,ChIJZd0F3oxZwokRiaEouMZKQ-0,"['grocery_or_supermarket', 'supermarket', 'store', 'health', 'food', 'point_of_interest', 'establishment']",1648,40.7257485,-74.0048949,40.72700768,-74.00342437,40.72430802,-74.00612403,FALSE,PXGW+72 New York,87G7PXGW+72
OPERATIONAL,"1703 Haggerty Rd, Commerce Charter Twp, MI 48390, United States",https://maps.gstatic.com/mapfiles/place_api/icons/v1/png_71/shopping-71.png,#4B96F3,https://maps.gstatic.com/mapfiles/place_api/icons/v2/shoppingcart_pinlet,Meijer,"[{'height': 4032, 'html_attributions': ['<a href=""https://maps.google.com/maps/contrib/116202065521003681486"">Chance Paul</a>'], 'photo_reference': 'AfLeUgPRCmF4I4EQzlrUJbfL_mVEPh3ZDt3PWVw8Q339p7aee6mZshiaNZj3JA_h44xsK9e1bFS3YlZPYnyJ7c4O2Yw5GavuDvFYq8fMMlPTAXX9kWXD0HDLPAnNjZLECs6hqPZIrvSaXOSl5sXBIfgAlHUPVWGVoyCZV8YmZlfHzODXusN-', 'width': 3024}]",ChIJSWrbkzylJIgRnY5KeImZI4U,2,4.1,ChIJSWrbkzylJIgRnY5KeImZI4U,"['grocery_or_supermarket', 'bakery', 'clothing_store', 'supermarket', 'store', 'food', 'point_of_interest', 'establishment']",2456,42.5476351,-83.4421658,42.54885728,-83.44040737,42.54615762,-83.44310703,TRUE,"GHX5+34 Commerce Charter Twp, Michigan",86JRGHX5+34
OPERATIONAL,"137 Elliott Rd, Defiance, OH 43512, United States",https://maps.gstatic.com/mapfiles/place_api/icons/v1/png_71/shopping-71.png,#4B96F3,https://maps.gstatic.com/mapfiles/place_api/icons/v2/shoppingcart_pinlet,Meijer,"[{'height': 1200, 'html_attributions': ['<a href=""https://maps.google.com/maps/contrib/102189982347068525135"">Leah Whitford</a>'], 'photo_reference': 'AfLeUgOCa7AeESzRXBkjfnohXTrQNCo_8ZOq5i5Coh184898wxVlD01BXbcPubUFbXj8MioebJLre69CIOwqfbryEeHxmTBx8D5xAm3x285594Km67bsLuE7WdFPbK8rKT3T5C2PsH1AQwndqeYQf9vzz4IQ8SsUPT5gfXpy3De9aQfDIDvm', 'width': 1600}]",ChIJBcoy8gbOPYgRSxEBg-b6Ntk,2,4.3,ChIJBcoy8gbOPYgRSxEBg-b6Ntk,"['grocery_or_supermarket', 'bakery', 'clothing_store', 'supermarket', 'store', 'food', 'point_of_interest', 'establishment']",1930,41.3100984,-84.3574911,41.31144708,-84.35646987,41.30874742,-84.35916953,TRUE,"8J6V+22 Defiance, Ohio",86HQ8J6V+22
OPERATIONAL,"5150 Franklin St, Michigan City, IN 46360, United States",https://maps.gstatic.com/mapfiles/place_api/icons/v1/png_71/shopping-71.png,#4B96F3,https://maps.gstatic.com/mapfiles/place_api/icons/v2/shoppingcart_pinlet,Meijer,"[{'height': 3024, 'html_attributions': ['<a href=""https://maps.google.com/maps/contrib/112627062846856912229"">Chris Overholster</a>'], 'photo_reference': 'AfLeUgPC2B8_WmEdsbQuR-AhYitMl_IZ-SjL0JqInBATxwiUF54BIPACmCXrzBxj0kVzAj4Luwb9nFl3ypGgh7K3fPKUcPKKyR6JWJuDBNa6TG_Fr0fkmUW8ZP6H8kSI4j2H2IXTtGNJ9Pr6Mz3J_HRjbBLCSpS4TDu7dmpnRRxfx9PrIQV7', 'width': 4032}]",ChIJeYh2s9EJEYgRzzBfRRpePN8,2,4.1,ChIJeYh2s9EJEYgRzzBfRRpePN8,"['grocery_or_supermarket', 'bakery', 'clothing_store', 'supermarket', 'store', 'food', 'point_of_interest', 'establishment']",2958,41.6752039,-86.8898358,41.67639188,-86.88881452,41.67369222,-86.89151418,TRUE,"M4G6+33 Michigan City, Indiana",86HMM4G6+33
OPERATIONAL,"2385 Richmond Ave, Staten Island, NY 10314, United States",,,,Trader Joe's,,,2,4.6,,,3082,40.589451,-74.165352,,,,,,,
